date,min_temp_5,min_sal_5,min_oxy_5,max_temp_5,max_sal_5,max_oxy_5,avg_temp_5,avg_oxy_5,avg_sal_5,min_temp_150,min_sal_150,min_oxy_150,max_temp_150,max_sal_150,max_oxy_150,avg_temp_150,avg_oxy_150,avg_sal_150
2015-03-18,9.0431,27.4115,8.1068,9.1111,27.5307,8.4625,9.080118181818182,8.236472727272728,27.457190909090908,9.4328,30.2691,3.3156,9.4393,30.3205,3.3762,9.43618,3.34881,30.28955
2015-03-24,9.1771,24.5089,7.0508,9.1948,27.8283,7.2766,9.1845,7.15705,26.16146,9.3961,24.8853,3.0964,9.4558,30.4082,3.304,9.41607,3.18694,27.64608
2015-03-26,9.2953,27.7503,6.845,9.4316,27.9575,7.1396,9.358789999999999,6.9122,27.86981,9.4403,30.3033,3.2999,9.4493,30.3235,3.3476,9.44666,3.32402,30.3183
2015-03-31,9.5149,27.6854,6.5048,9.5357,27.7508,6.8543,9.52730909090909,6.571863636363637,27.701354545454546,9.4535,30.3467,3.2459,9.4663,30.3809,3.2692,9.46235,3.25757,30.37113
2015-04-06,9.6885,27.1881,6.7606,9.833,27.4755,6.9347,9.797254545454546,6.815836363636364,27.241009090909092,9.4353,30.3515,3.2236,9.4406,30.3793,3.2503,9.43729,3.23506,30.36417
2015-04-14,9.9902,24.2417,7.7928,10.0716,26.9144,8.1461,10.04351,8.00795,25.45454,9.2587,25.2113,3.5618,9.2718,30.3131,3.6593,9.267430000000001,3.6131,27.758399999999998
2015-04-15,10.1204,26.6452,8.7383,10.4157,26.9456,9.5388,10.29347,9.05203,26.74534,9.2714,30.3071,3.5216,9.2917,30.3313,3.5592,9.28097,3.54358,30.31973
2015-04-22,10.0702,27.1529,6.9691,10.5797,28.1078,8.0658,10.467709090909091,7.684245454545454,27.509581818181818,9.2183,30.2718,3.5444,9.2262,30.289,3.5927,9.22349,3.56753,30.28137
2015-05-01,10.5752,27.61,7.515,10.8187,27.896,7.9594,10.692218181818182,7.763645454545454,27.74681818181818,9.1925,30.2232,3.5608,9.2206,30.2562,3.6177,9.2019,3.59078,30.23993
2015-05-05,10.8602,27.6386,7.502,11.2173,27.8391,7.6509,11.01657,7.5719899999999996,27.76845,9.2178,30.2889,3.4018,9.2311,30.306,3.4497,9.22371,3.42383,30.29663
2015-05-11,12.7687,27.0655,2.8442,13.117,27.2189,8.0236,13.015600000000001,7.050709090909091,27.14050909090909,9.2172,30.355,3.3074,9.2588,30.4017,3.4432,9.237820000000001,3.37629,30.37591
2015-05-12,12.0722,26.897,6.195,13.4052,27.6774,8.1834,12.438172727272727,7.687390909090909,27.449663636363635,9.2213,30.3863,3.2379,9.2414,30.4169,3.339,9.23166,3.28856,30.40317
2015-05-13,11.8952,26.2567,7.5759,13.8357,27.9611,8.0158,13.1073,7.73254,27.43835,9.1934,30.3071,3.3238,9.2088,30.3421,3.3828,9.20455,3.35225,30.33162
2015-05-21,15.0808,27.0707,6.7203,15.2814,27.5526,7.4908,15.18494,7.18528,27.282420000000002,9.2143,30.3935,2.9799,9.2165,30.4014,2.9936,9.21568,2.9849200000000002,30.39812
2015-05-26,15.9566,26.4964,6.8285,16.1993,26.6746,7.4597,16.13164,7.06492,26.55208,9.1781,30.4061,2.9644,9.2084,30.4391,3.0238,9.19274,2.9798999999999998,30.42268
2015-05-27,15.5355,27.2439,7.5137,15.5497,27.2477,7.5409,15.54482,7.52574,27.24488,9.1365,30.3892,3.1599,9.1463,30.4063,3.1833,9.13932,3.1734999999999998,30.39898
2015-06-09,12.349,27.5284,4.9351,12.3548,27.5708,5.1059,12.35318,5.05514,27.54144,Inf,Inf,Inf,-Inf,-Inf,-Inf,NaN,NaN,NaN
2015-06-15,11.398,28.1539,5.2931,12.4428,28.5785,5.6873,11.84308,5.55284,28.41092,9.1289,30.3795,3.0317,9.1303,30.3927,3.043,9.12944,3.03578,30.386120000000002
2015-06-16,11.6394,27.7176,5.2946,12.1273,27.9394,6.2663,11.88674,5.78164,27.786,9.1412,30.4275,2.9677,9.1422,30.4402,3.023,9.14186,2.98736,30.4339
2015-06-24,17.0096,26.1787,6.6457,17.7393,26.257,7.277,17.48026,6.92064,26.2087,9.1317,30.4129,3.0346,9.1384,30.4508,3.0843,9.1349,3.05478,30.42942
2015-06-30,-9.99e-29,-9.99e-29,-9.99e-29,15.8101,27.2742,6.8603,8.482244444444444,3.4826333333333332,14.634822222222223,9.1405,30.4568,2.9339,9.1464,30.4667,2.98,9.1432,2.96446,30.46046
2015-07-06,11.6101,27.9024,4.2116,12.6746,28.4623,4.8605,12.1412,4.51466,28.2012,9.1418,30.4346,3.053,9.142,30.4351,3.0594,9.141919999999999,3.05664,30.4347
2015-07-07,-9.99e-29,-9.99e-29,-9.99e-29,13.1071,27.4404,5.3271,8.897357142857143,3.5865714285714287,19.2328,9.1409,30.4423,2.9433,9.1415,30.4595,3.0408,9.14114,3.00214,30.4502
2015-07-16,16.6034,25.5627,5.6558,16.9917,26.75,6.2673,16.89556,6.08108,25.940179999999998,9.1855,30.4762,2.7689,9.1868,30.4912,2.7791,9.18624,2.77426,30.48366
2015-07-22,14.2502,27.0942,5.8749,14.5342,27.3663,6.3199,14.3293,6.0899,27.17764,9.1567,30.5002,2.7964,9.1571,30.5108,2.8098,9.15692,2.80204,30.5059
2015-07-23,14.8203,27.0366,6.4339,15.1825,27.2834,6.7782,14.99626,6.68596,27.10434,9.1585,30.4874,2.7808,9.1603,30.5107,2.8008,9.1594,2.78908,30.49902
2015-07-28,-9.99e-29,-9.99e-29,-9.99e-29,17.1837,27.9872,6.4705,12.1773,4.521214285714286,19.783742857142858,9.1605,30.4657,2.7625,9.1693,30.5027,2.7827,9.1652,2.77298,30.48348
2015-08-12,-9.99e-29,-9.99e-29,-9.99e-29,17.3646,28.0805,6.5241,14.316133333333333,5.36695,23.109183333333334,9.227,30.5265,2.7008,9.2281,30.5312,2.7086,9.22734,2.70322,30.52888
2015-08-20,12.3755,27.1475,4.4764,13.3861,28.2332,5.0561,12.829740000000001,4.69932,27.7028,9.2568,30.5525,2.5809,9.2595,30.5698,2.608,9.25788,2.58956,30.562079999999998
2015-08-25,11.3012,25.6135,4.2236,13.7088,28.4679,7.0489,12.4148,5.14986,27.31378,9.36,30.563,2.6334,9.3649,30.5716,2.6491,9.36268,2.64036,30.56756
2015-09-02,-9.99e-29,-9.99e-29,-9.99e-29,15.0813,28.0616,5.3835,10.7712,3.8226714285714287,20.014914285714283,9.3161,30.542,2.4955,9.332,30.5827,2.5486,9.323080000000001,2.52978,30.56114
2015-09-09,15.2506,26.4757,5.1148,15.6759,27.4567,6.3552,15.587711111111112,5.788211111111111,26.98438888888889,9.5027,30.6235,2.6013,9.5203,30.6421,2.6106,9.51364,2.60594,30.63182
2015-09-10,15.3003,26.8808,6.0728,16.1599,27.6452,6.5171,15.7422,6.271,27.21424,9.4251,30.624,2.5817,9.4554,30.6457,2.5944,9.43836,2.58826,30.63582
2015-09-15,11.4542,28.0446,3.5102,11.8278,28.3799,4.5503,11.65034,4.07656,28.19646,9.5619,30.6349,2.5389,9.585,30.6654,2.5497,9.57708,2.54524,30.65178
2015-09-22,13.0929,28.4814,5.1906,13.13,28.4845,5.2851,13.11926,5.24168,28.4836,9.4499,30.6642,2.4598,9.4548,30.6708,2.4644,9.45214,2.46176,30.66806
2015-09-25,13.1672,28.359,5.2354,13.2463,28.5164,5.3902,13.2164,5.28604,28.41118,9.4995,30.6208,2.3958,9.525,30.6307,2.4029,9.51132,2.39962,30.6265
2015-09-28,12.5978,26.5629,4.645,12.7417,28.7236,5.4023,12.68136,4.9298400000000004,27.718880000000002,9.5822,30.6538,2.3526,9.6486,30.6646,2.3872,9.62184,2.36636,30.65962
2015-10-05,11.0114,27.8609,3.7972,11.0969,28.2307,4.9132,11.04542,4.47976,27.98036,9.8407,30.7494,2.4599,9.8704,30.7687,2.4628,9.8604,2.46104,30.76286
2015-10-06,11.7568,27.4335,4.9165,12.6593,27.7379,5.4147,12.237075,5.11635,27.596075,9.773,30.7407,2.4787,9.8597,30.7818,2.4834,9.83092,2.48066,30.76866
2015-10-14,12.386,28.4283,5.3267,12.388,28.4369,5.355,12.3871,5.34428,28.43062,9.716,30.6814,2.3116,9.7408,30.7139,2.3363,9.731679999999999,2.3263,30.69776
2015-10-20,11.6061,26.8801,4.6661,11.7247,27.5188,5.1257,11.6524,4.88034,27.11108,10.0222,30.7714,2.3624,10.0864,30.775,2.3801,10.04914,2.37344,30.77326
2015-10-22,11.6001,26.5585,4.922,12.0624,27.6247,5.6951,11.89796,5.20302,27.21626,9.9498,30.7616,2.3478,10.0803,30.7723,2.374,10.01328,2.3584,30.767960000000002
2015-10-27,10.7529,22.7341,3.6493,11.1228,28.3734,5.3882,10.8577,4.43284,27.2044,9.912,30.7019,2.2304,9.9343,30.7198,2.259,9.92366,2.24269,30.71323
2015-11-03,10.9109,28.5094,4.9181,11.3798,28.7742,5.3808,11.11526,5.1067599999999995,28.61698,9.9165,30.7538,2.2688,9.9401,30.7651,2.2759,9.92508,2.27224,30.75974
2015-11-10,9.8458,27.767,4.9776,10.7988,28.5124,5.5218,10.30618,5.30284,28.14212,10.0224,30.7245,2.2494,10.0302,30.7415,2.256,10.02668,2.25312,30.73246
2015-11-18,9.8194,28.8907,5.2147,9.8231,28.8913,5.2298,9.82088,5.2225,28.891,10.0783,30.7324,2.1746,10.1133,30.7561,2.1884,10.09242,2.18358,30.74408
2015-11-19,9.7128,28.9473,5.1464,9.7193,28.9488,5.2146,9.71608,5.17376,28.94798,9.9906,30.7784,2.2146,10.0653,30.7859,2.2352,10.0341,2.2278,30.78144
2015-11-20,9.3238,28.7651,5.3415,9.3906,28.8003,5.3514,9.3482,5.345,28.77786,10.0536,30.8225,2.2256,10.0572,30.8277,2.2323,10.05472,2.2281,30.8258
2015-11-23,9.0595,28.5714,5.1076,9.3075,28.6802,5.1576,9.17046,5.1347000000000005,28.62178,10.1316,30.7617,2.1594,10.1403,30.7683,2.1628,10.13502,2.16142,30.76492
2015-11-25,8.5967,28.5111,4.2759,9.0239,28.79,4.6513,8.821439999999999,4.392,28.65448,10.1136,30.8099,2.1952,10.1185,30.8116,2.2017,10.1158,2.19856,30.81074
2015-11-30,8.5574,28.8327,4.4631,8.5887,28.8425,4.6288,8.56578,4.57998,28.83538,10.1994,30.7735,2.2226,10.2013,30.7808,2.2297,10.20042,2.22684,30.77668
2015-12-11,9.2879,29.1226,0.1889,9.3028,29.1456,6.4412,9.29560909090909,4.791636363636363,29.133927272727274,9.661,30.7017,2.5795,9.7942,30.7344,2.622,9.75011,2.60566,30.71986
2015-12-16,8.1986,28.0656,6.8108,8.5755,28.1999,6.995,8.4016,6.896090909090909,28.138163636363636,10.0865,30.7734,2.6949,10.1036,30.7956,2.7152,10.0978,2.70344,30.78559
2016-01-04,7.1771,28.5055,5.6558,7.2061,28.5259,7.3271,7.19925,6.72767,28.51255,10.2006,30.7077,2.9216,10.2191,30.7201,2.9354,10.21428,2.92972,30.71296
2016-01-05,7.107,27.3731,4.7717,7.1702,28.5231,7.0824,7.128863636363636,6.7511636363636365,28.410700000000002,10.1919,30.7067,2.9282,10.1971,30.7171,2.9724,10.19439,2.94981,30.71109
2016-01-13,7.1228,28.2697,6.5699,7.5564,28.5599,6.9297,7.400745454545454,6.775663636363636,28.444027272727272,10.1548,30.653,2.9169,10.1701,30.7007,2.9557,10.16141,2.93638,30.67254
2016-01-19,8.1963,29.0042,6.3829,8.2963,29.0633,6.5835,8.260272727272728,6.438881818181819,29.048381818181817,10.1192,30.5857,3.0092,10.1351,30.6331,3.0717,10.12762,3.0418,30.6072
2016-01-20,7.1811,28.3207,4.2188,7.4558,28.518,7.0849,7.32132,6.72905,28.41115,10.1261,30.6095,2.9484,10.14,30.6481,2.984,10.13587,2.96732,30.63484
2016-01-28,8.2143,28.6327,0.1145,8.2468,28.6736,6.8403,8.228863636363636,3.92053,28.650627272727274,9.9714,30.4987,3.174,10.0094,30.5818,3.3141,9.989989999999999,3.24367,30.53684
2016-02-02,7.4588,27.7253,0.087,7.5897,27.9822,7.3363,7.5308,4.536877777777778,27.85257,10.0179,30.6041,3.1396,10.0598,30.6377,3.1993,10.03661,3.17179,30.62215
2016-02-04,7.501,27.5332,7.192,7.7496,28.0576,7.4212,7.62401,7.32699,27.76848,10.0348,30.5285,3.3093,10.0709,30.6038,3.3734,10.05624,3.3433,30.57498
2016-02-09,7.4118,27.2453,0.3047,7.7259,27.7569,7.3695,7.6659500000000005,6.4036136363636365,27.55634090909091,9.9776,30.568,3.1522,10.023,30.6558,3.279,9.99811,3.211395,30.61115
2016-02-16,7.9025,27.1095,Inf,7.9332,27.3326,-Inf,7.913718181818182,NaN,27.191772727272728,9.9816,30.5522,Inf,9.9958,30.5832,-Inf,9.99054,NaN,30.57063
2016-02-22,7.8858,27.0984,4.9587,7.9649,27.3953,7.3464,7.9139,6.598127272727273,27.260727272727273,9.9451,30.5368,3.3729,9.9646,30.5577,3.4051,9.9509,3.39022,30.54372
2016-02-23,7.874,26.5932,5.8665,7.9775,27.164,7.4089,7.9363090909090905,7.132,26.94750909090909,9.9058,30.5171,3.3913,9.9254,30.5471,3.4344,9.91417,3.41467,30.52887
2016-03-07,8.2875,26.7502,7.2972,8.3084,26.7775,7.6331,8.2989,7.3785,26.764218181818183,9.6703,30.3852,3.8282,9.7063,30.4113,3.861,9.6847,3.84316,30.39703
2016-03-15,8.1681,26.619,6.3868,8.2462,26.7204,6.5131,8.20435,6.46408,26.671,9.617,30.3239,3.2981,9.7056,30.4204,3.507,9.66327,3.39192,30.37309
2016-03-18,8.2099,26.6778,6.5961,8.3237,26.7984,7.5244,8.264675,7.16328125,26.749853125,9.5742,30.3229,3.469,9.5886,30.3533,3.9242,9.581946666666667,3.7672733333333333,30.338216666666668
2016-03-21,8.5778,26.8838,6.2334,8.5862,26.8951,6.2602,8.58048,6.2467,26.88798,9.5014,30.2905,3.5742,9.5168,30.307,3.6031,9.50882,3.5938,30.297719999999998
2016-03-22,8.7071,26.4763,6.3946,8.7967,26.7187,6.6974,8.7407,6.54918,26.57213,9.4562,30.2377,3.5656,9.5005,30.2611,3.6518,9.48074,3.60835,30.25024
2016-03-24,8.8212,26.9023,6.3434,8.8472,26.9629,6.4157,8.83962,6.39014,26.91956,9.4412,30.1947,3.6416,9.4616,30.2286,3.6833,9.45166,3.6637,30.21332
2016-03-28,9.0289,27.1103,6.2348,9.1745,27.3193,6.6338,9.08432,6.426,27.21216,9.4777,30.2629,3.5135,9.5067,30.285,3.6127,9.48978,3.57278,30.2729
2016-03-29,9.0417,27.2905,5.9872,9.175,27.4907,6.353,9.10589,6.13772,27.397750000000002,9.3845,30.165,3.6418,9.4618,30.2487,3.8143,9.41777,3.72663,30.20509
2016-03-30,9.2716,27.1562,6.391,9.856,27.3542,6.6742,9.49306,6.45878,27.279539999999997,9.4685,30.2522,3.5583,9.4967,30.2816,3.6001,9.48424,3.5772,30.2692
2016-03-31,9.54,26.6559,9.2805,9.8325,26.8461,11.0994,9.6583,10.02462,26.71468,9.432,30.2066,3.5542,9.494,30.2717,3.6775,9.46194,3.5955,30.23866
2016-04-01,9.651,26.8707,8.8994,10.5567,26.9828,11.7473,10.07038,10.38678,26.92372,9.4587,30.2509,3.5545,9.4976,30.2883,3.627,9.47966,3.58668,30.27188
2016-04-04,10.4866,27.1208,10.4499,10.505,27.1267,10.6638,10.49488,10.59218,27.12318,9.3845,30.1629,3.6883,9.4238,30.2087,3.7286,9.40648,3.7065,30.18804
2016-04-08,10.2547,26.8546,8.1797,10.9281,27.271,8.6508,10.71284,8.48685,26.97965,9.3934,30.1636,3.5856,9.4649,30.2404,3.6856,9.43393,3.63157,30.20644
2016-04-14,10.3208,27.4184,7.3337,10.4874,27.5538,7.5275,10.42986,7.43754,27.48666,9.3715,30.126,3.5435,9.4443,30.2157,3.6922,9.41259,3.61015,30.17535
2016-04-22,11.6557,26.5598,7.2736,12.4864,26.9191,7.5985,12.04654,7.50042,26.74582,9.2924,30.076,3.6705,9.3392,30.1404,3.7703,9.3122,3.72012,30.10184
2016-04-26,11.2981,26.8159,6.7115,12.072,27.3731,6.9273,11.8064,6.81254,26.9929,9.3438,30.1536,3.5874,9.3856,30.2014,3.6503,9.36734,3.6104600000000002,30.18172
2016-04-27,-9.99e-29,-9.99e-29,-9.99e-29,11.7463,27.0453,6.6966,9.748,5.542316666666666,22.513616666666667,9.3427,30.1287,3.5862,9.3714,30.1604,3.6455,9.3584,3.61114,30.14614
2016-04-28,11.5344,26.9101,6.6253,12.1112,27.3137,6.9865,11.87661,6.80753,27.09775,9.3529,30.181,3.497,9.4135,30.2374,3.5948,9.39065,3.55241,30.21475
2016-05-04,11.8626,26.3592,7.2268,11.9121,26.7545,7.6826,11.87804,7.56326,26.4737,9.2617,30.0855,3.646,9.3255,30.1429,3.767,9.29624,3.69488,30.11748
2016-05-06,10.6496,27.4681,5.6532,11.23,28.0832,6.2991,10.816699999999999,5.97206,27.89938,9.3185,30.1276,3.6049,9.3399,30.1442,3.6751,9.32928,3.64022,30.13622
2016-05-08,10.3012,28.9257,4.6477,10.3212,28.9676,4.8468,10.31406,4.7681000000000004,28.95516,Inf,Inf,Inf,-Inf,-Inf,-Inf,NaN,NaN,NaN
2016-05-09,10.0485,28.446,5.3756,10.3293,28.697,6.0072,10.13996,5.5912299999999995,28.58792,9.3591,30.1948,3.4309,9.4178,30.2583,3.526,9.38934,3.49939,30.22725
2016-05-18,14.554,26.1673,8.439,14.9417,26.5061,8.8155,14.754240000000001,8.67898,26.29868,9.2769,30.0877,3.5043,9.3366,30.1553,3.6539,9.304920000000001,3.57746,30.1191
2016-05-19,13.916,26.6034,6.8621,14.3218,27.4326,11.4923,14.20141,9.28239,26.87119,9.3523,30.1717,3.4611,9.3692,30.1936,3.5176,9.36004,3.4982599999999997,30.18198
2016-05-29,13.7079,27.0949,6.7997,14.3435,27.2945,7.3868,14.03328,7.06146,27.17314,9.4049,30.2299,3.369,9.4233,30.2511,3.3974,9.41492,3.3819600000000003,30.24248
2016-05-30,14.2,25.9523,6.6634,14.5697,26.8136,6.9466,14.38448,6.75977,26.40267,9.4473,30.2725,3.2276,9.4703,30.3006,3.2786,9.45786,3.2648099999999998,30.28612
2016-06-06,14.6889,24.9734,6.3001,17.1668,26.7014,6.9581,15.933433333333333,6.6834,25.953366666666668,9.402,30.2708,3.0788,9.5119,30.3723,3.4084,9.454086666666667,3.23894,30.318753333333333
2016-06-08,13.0653,26.3077,5.7504,14.4167,27.4203,6.2729,13.63252,5.93394,26.99672,9.4201,30.2927,3.3561,9.4337,30.3087,3.4032,9.4267,3.37324,30.30204
2016-06-09,14.3122,25.9117,6.3248,15.1031,26.5554,6.8901,14.67356,6.47105,26.36681,9.4461,30.3187,3.2517,9.4666,30.346,3.2895,9.45663,3.27142,30.33136
2016-06-19,15.7988,25.0773,6.201,16.4886,25.4195,6.3398,16.05402,6.25302,25.30088,9.47,30.3576,3.177,9.4803,30.3727,3.2256,9.47414,3.20466,30.36362
2016-06-20,15.8105,24.8271,6.0702,16.6203,25.5796,6.3794,16.42406,6.23327,25.09975,9.4995,30.3687,3.0471,9.5177,30.3931,3.079,9.51318,3.05567,30.3833
2016-06-29,15.2963,24.4558,5.3615,16.7211,25.7753,6.0733,16.09438,5.70756,25.08192,9.4927,30.3875,3.0688,9.5093,30.408,3.1555,9.50016,3.11368,30.39724
2016-06-30,13.2213,25.3065,4.5221,16.1643,27.0792,5.8045,14.9602,5.22869,25.99943,9.4951,30.4037,3.193,9.5056,30.4208,3.234,9.49985,3.21646,30.41039
2016-07-10,16.4805,25.8358,5.692,16.8511,25.8661,6.5978,16.68034,6.08554,25.85492,9.5326,30.4561,3.0553,9.5377,30.4634,3.0704,9.53528,3.0614,30.459880000000002
2016-07-11,16.8156,25.6473,5.8728,17.4391,25.8738,6.7599,17.124380000000002,6.32351,25.77851,9.529,30.4339,2.9927,9.5504,30.4832,3.0405,9.53921,3.0168,30.45868
2016-07-20,17.3185,25.9624,5.5324,17.925,26.3655,5.8295,17.7622,5.70448,26.082819999999998,9.5207,30.4298,3.0647,9.5299,30.4515,3.1046,9.52472,3.08738,30.43946
2016-07-21,17.3735,25.9045,5.4899,18.5017,26.3052,5.7593,17.91109,5.5945,26.09167,9.5429,30.4628,2.9336,9.5556,30.4985,2.9613,9.54791,2.94468,30.47815
2016-07-29,12.87,27.6398,4.9727,12.9645,27.656,5.0453,12.93158,5.0123999999999995,27.64496,9.5446,30.498,3.0622,9.5481,30.5054,3.0807,9.54656,3.07446,30.50224
2016-07-31,10.9902,27.7915,3.5225,12.1814,28.58,5.0044,11.70832,4.31504,28.044819999999998,9.5504,30.5151,3.0192,9.5543,30.5218,3.0319,9.55284,3.02424,30.51942
2016-08-01,11.4422,28.074,4.015,12.1038,28.9185,4.612,11.715,4.35386,28.39948,9.54,30.4749,2.9675,9.5531,30.5055,3.068,9.54543,3.02585,30.49267
2016-08-10,16.233,26.8992,7.7642,16.3107,26.9601,8.1795,16.29224,8.0588,26.92884,9.5481,30.4815,2.9406,9.5553,30.5016,2.9585,9.55172,2.9522,30.49186
2016-08-11,14.1815,26.2508,6.2103,15.77,27.695,7.2627,15.39263,6.86625,26.79058,9.5569,30.4992,2.8847,9.5721,30.5339,2.9751,9.564119999999999,2.92582,30.515349999999998
2016-08-18,11.0322,27.5648,3.8529,12.1459,28.9057,5.4377,11.50992,4.32584,28.39148,9.5952,30.517,2.9515,9.5964,30.5381,3.0091,9.59606,2.97952,30.52624
2016-08-20,11.5798,27.9071,5.2347,11.8764,28.4432,5.415,11.65696,5.36208,28.24314,9.6,30.5428,2.9397,9.6023,30.5496,2.9618,9.6015,2.95284,30.5468
2016-08-22,11.4151,27.6511,5.1992,12.1044,28.4115,6.6559,11.67055,5.56103,28.07939,9.6073,30.5423,2.92,9.6198,30.5986,2.9378,9.61487,2.93172,30.57392
2016-08-31,14.6564,28.2831,6.4168,14.6917,28.2856,6.4517,14.67752,6.4356800000000005,28.28424,9.6161,30.5717,2.8385,9.6168,30.5925,2.8451,9.61642,2.84182,30.5822
2016-09-01,14.8042,28.273,6.1772,15.1677,28.3288,6.231,14.9668,6.21768,28.30115,9.6156,30.5781,2.8159,9.6213,30.6038,2.8464,9.6186,2.83357,30.59111
2016-09-08,15.6703,28.0465,6.1737,15.7319,28.1442,6.2241,15.70762,6.19758,28.09682,9.6342,30.6675,2.6823,9.635,30.6732,2.7049,9.63462,2.69442,30.67126
2016-09-10,15.692,27.7183,6.187,15.9088,28.1615,6.3924,15.8145,6.3230200000000005,27.98378,9.6383,30.6545,2.7029,9.6409,30.6743,2.7367,9.64004,2.71698,30.66724
2016-09-11,14.9524,26.8415,5.6724,15.0682,27.7862,6.2182,15.02066,6.06656,27.17406,9.6516,30.6784,2.7194,9.6564,30.6916,2.7529,9.65348,2.73347,30.68437
2016-09-20,13.768,27.8437,5.4222,14.3229,28.3388,5.7576,14.01866,5.56764,28.11784,9.691,30.6949,2.6832,9.6932,30.7162,2.6941,9.69178,2.68704,30.70728
2016-09-22,13.4985,28.1686,5.2133,13.6254,28.3889,5.7948,13.55474,5.5843799999999995,28.27668,9.6867,30.7242,2.655,9.6908,30.7516,2.6769,9.68844,2.66393,30.73844
2016-09-29,12.6642,27.6186,4.0312,13.1071,28.3437,5.7249,12.99048,4.9852,27.8497,9.6593,30.6584,2.489,9.6625,30.6817,2.4989,9.66078,2.49246,30.67092
2016-10-01,12.073,27.5718,4.6913,12.2018,27.8001,5.2586,12.13676,5.0253,27.64468,9.7541,30.75,2.6142,9.788,30.7719,2.6302,9.76804,2.6203,30.75844
2016-10-02,12.6815,27.6166,5.3454,12.7249,28.3863,5.7136,12.698080000000001,5.50184,28.09926,9.778,30.7332,2.6243,9.7975,30.7643,2.6716,9.78832,2.65894,30.74953
2016-10-12,11.7742,28.0887,5.0092,12.1767,28.4643,5.7396,11.983130000000001,5.58332,28.23628,9.7737,30.7486,2.5477,9.7761,30.76,2.5579,9.77489,2.55341,30.75701
2016-10-17,11.627,28.513,5.1631,11.6441,28.6551,5.3309,11.63604,5.2514,28.57076,9.768,30.6668,2.447,9.7728,30.6857,2.4624,9.77088,2.45298,30.67644
2016-10-22,11.2206,28.8035,5.2718,11.2348,28.8336,5.3534,11.2271,5.3220600000000005,28.81946,9.7897,30.7329,2.4981,9.8091,30.7806,2.533,9.80014,2.51845,30.76116
2016-10-24,11.1475,28.042,5.3843,11.1804,28.5662,5.525,11.16344,5.46042,28.31988,9.856,30.7973,2.5421,9.8683,30.7987,2.5499,9.85958,2.54676,30.79812
2016-11-09,10.8357,27.6903,5.6753,10.9219,27.9338,5.7444,10.86026,5.718366666666666,27.881486666666667,9.6643,30.7107,2.2982,9.716,30.7318,2.3569,9.68628,2.32754,30.721846666666668
2016-11-10,10.872,27.6515,5.6863,10.8969,27.7121,5.7152,10.88244,5.69522,27.67724,9.9049,30.8322,2.4659,9.9108,30.8434,2.4844,9.907919999999999,2.4746799999999998,30.83782
2016-11-14,10.4746,26.0541,5.7562,10.6841,26.8147,5.8811,10.60106,5.79272,26.474159999999998,9.9055,30.6846,2.3052,9.9105,30.7391,2.3213,9.90824,2.3155,30.70984
2016-11-26,9.3595,25.2303,6.535,9.7389,25.8442,10.8991,9.523181818181818,8.265663636363636,25.54156818181818,9.8564,30.7902,6.19,9.8825,30.8183,6.8276,9.870284999999999,6.56475,30.809465
2016-11-28,9.1395,25.4661,6.4032,9.5349,25.8043,6.7393,9.34149090909091,6.550654545454545,25.589845454545454,9.9919,30.6824,2.6117,9.9999,30.7017,2.6248,9.99706,2.61851,30.69193
2016-12-03,8.8372,23.1513,6.3893,9.198,26.2987,7.0826,9.029633333333333,6.575142857142858,25.90081904761905,10.003,30.6869,2.6148,10.0222,30.7385,2.6328,10.012833333333333,2.6255333333333333,30.718813333333333
2016-12-05,8.5801,26.4854,6.2181,8.7043,26.5531,6.4643,8.61855,6.3595,26.50367,9.9872,30.6707,2.5805,10.0105,30.6957,2.6051,9.9971,2.59223,30.6856
2016-12-15,6.9479,25.4488,6.2525,7.5882,26.9533,7.2333,7.229353658536585,6.447465853658537,26.839729268292682,10.0459,30.5466,2.6794,10.0762,30.6263,2.7574,10.05918,2.71075,30.598206666666666
2017-01-05,6.7399,27.874,6.3775,6.776,27.8855,7.1237,6.75428,6.54788,27.88027,10.0709,30.5587,2.7378,10.0952,30.6308,2.7873,10.08397,2.76258,30.589850000000002
2017-01-08,6.5768,27.7649,6.4231,6.8334,27.8806,7.1801,6.744723333333334,6.54599,27.829153333333334,10.0592,30.5446,2.7077,10.0681,30.6214,2.7638,10.061490000000001,2.73193,30.595115
2017-01-13,6.8264,28.0503,6.1474,6.8989,28.0826,6.2615,6.85763,6.19328,28.06813,10.0038,30.5335,2.736,10.0315,30.6415,2.8364,10.01721,2.78448,30.59232
2017-01-14,6.7903,28.0925,6.1829,6.9483,28.15,6.3976,6.84799,6.27683,28.11492,10.0464,30.5494,2.7663,10.0728,30.6003,2.8039,10.05803,2.7839,30.57609
2017-01-15,6.6365,26.0728,4.079,6.7415,28.1662,8.6558,6.696839024390244,6.294053658536585,28.03171463414634,9.962,30.5546,2.8017,9.9934,30.5948,5.2687,9.984,3.41492,30.57555
2017-01-24,7.1843,28.389,6.4098,7.2207,28.4172,6.6118,7.19818,6.4482,28.40361,10.0046,30.5947,2.7585,10.0162,30.618,2.789,10.00916,2.7747,30.60589
2017-01-26,7.1489,28.1784,3.6751,7.2844,28.3374,9.8215,7.190821875,4.90370625,28.22194375,10.0262,30.5384,3.3182,10.0283,30.5657,5.8493,10.02739,4.64746,30.548035
2017-02-02,7.0131,28.4761,6.5153,7.0375,28.4944,6.6921,7.022845454545454,6.557763636363636,28.48641818181818,9.9599,30.6184,2.8087,9.9643,30.6308,2.8319,9.96168,2.81915,30.62372
2017-02-03,7.0169,28.5414,6.2666,7.0902,28.5817,6.5496,7.0646545454545455,6.318790909090909,28.568445454545454,9.9701,30.5755,2.8718,9.9742,30.5946,2.8983,9.97255,2.88526,30.58606
2017-02-14,6.6325,28.1535,6.7759,6.6395,28.1814,6.9771,6.63593,6.85461,28.16776,9.8188,30.5367,3.0158,9.8856,30.584,3.1213,9.85193,3.06503,30.55863
2017-02-23,6.1796,27.5668,6.7917,6.9291,28.1321,7.5098,6.531572727272727,7.162254545454545,27.866127272727272,9.6197,30.5073,3.262,9.6238,30.5163,3.2743,9.622440000000001,3.26921,30.51131
2017-02-24,6.379,27.6805,6.7729,6.8227,27.96,7.2475,6.519772727272727,7.032727272727273,27.753963636363636,9.4542,30.4379,3.5254,9.4876,30.46,3.5542,9.47029,3.54536,30.44558
2017-02-25,6.1932,27.7856,6.395,7.1852,28.512,17.9848,6.676468181818182,7.8498636363636365,28.103059090909092,9.4667,30.4302,3.4726,9.5114,30.4581,3.5326,9.483039999999999,3.50449,30.44565
2017-03-09,6.8479,28.3465,6.7757,7.0363,28.4725,7.1064,6.887272727272728,6.897518181818182,28.38760909090909,9.3127,30.3662,3.5782,9.3415,30.413,3.6085,9.329419999999999,3.5907,30.39026
2017-03-11,6.8951,28.039,7.0813,7.0698,28.2332,7.3897,6.946445454545454,7.283036363636364,28.09817272727273,9.2034,30.3775,3.654,9.2965,30.4118,3.744,9.24857,3.70276,30.39515
2017-03-15,7.1789,27.8402,7.1856,7.3705,28.0422,7.3494,7.2183142857142855,7.266123809523809,27.907309523809523,9.2366,30.37,3.5973,9.3201,30.4146,3.6732,9.264145,3.650385,30.386835
2017-04-03,8.0638,28.251,7.3606,8.1911,28.3737,7.6612,8.125745454545454,7.468081818181818,28.299963636363636,8.9754,30.3251,3.8457,8.9832,30.3305,3.8568,8.980410000000001,3.84917,30.327460000000002
2017-04-07,8.2877,27.9623,7.1412,8.3678,28.3499,7.5957,8.336313636363636,7.396668181818182,28.136218181818183,8.7944,30.2341,4.0298,8.8501,30.265,4.0732,8.826755,4.053805,30.249975
2017-04-11,8.2699,28.2278,6.7695,8.3499,28.4031,7.014,8.328281818181818,6.840459090909091,28.340554545454545,8.8938,30.2579,3.8656,8.9298,30.2871,3.936,8.90939,3.90759,30.27143
2017-04-17,8.8053,27.8114,7.7081,9.1648,28.1227,8.117,8.95031,7.89009,28.02508,8.6423,30.213,4.0652,8.7561,30.2249,4.1705,8.69491,4.11259,30.218609999999998
2017-04-20,9.0326,27.1222,7.8632,9.1848,27.7062,8.3641,9.0709,8.050513636363636,27.51440909090909,8.7024,30.2027,4.0187,8.7657,30.2413,4.0787,8.724225,4.052925,30.217315
2017-04-21,9.3368,27.0976,8.5779,9.898,27.9768,9.3753,9.64639,9.00931,27.55708,8.6885,30.2154,4.0562,8.7251,30.2287,4.096,8.70044,4.08054,30.22074
2017-04-24,9.6853,27.2974,8.3729,9.8691,27.5357,8.5569,9.806195454545454,8.497481818181818,27.411854545454545,8.6215,30.1779,4.0856,8.6808,30.2166,4.1335,8.650225,4.105915,30.194545
2017-05-02,10.5562,27.0321,7.4135,10.6124,27.0639,7.6468,10.59265,7.571345454545455,27.04509090909091,8.512,30.1625,4.1538,8.5432,30.1793,4.2015,8.521945,4.182835,30.16782
2017-05-03,10.0957,27.2941,7.3363,10.1533,27.3514,7.7964,10.12474,7.64834,27.32474,Inf,Inf,Inf,-Inf,-Inf,-Inf,NaN,NaN,NaN
2017-05-08,10.751,26.9592,7.0633,11.2607,27.3735,7.3315,11.124295,7.258005,27.06,8.3715,30.0765,4.3168,8.422,30.1218,4.3891,8.401965,4.34783,30.101455
2017-05-16,11.9655,25.9593,6.7068,12.0152,26.4193,6.7946,11.991881818181819,6.752090909090909,26.13691818181818,8.306,30.0087,4.3531,8.3493,30.0354,4.4289,8.32393,4.40022,30.0188
2017-05-17,12.0822,24.8395,6.6726,12.4233,25.8344,6.8375,12.25606,6.77547,25.44914,8.2963,29.9986,4.2505,8.3335,30.037,4.3303,8.31464,4.29708,30.01798
2017-05-29,11.8886,27.0052,6.2601,13.9342,27.5216,6.8439,12.89448,6.7020800000000005,27.23187,8.3787,30.0165,4.0866,8.403,30.072,4.1165,8.39253,4.09827,30.04192
2017-06-05,13.995,24.4676,7.0841,14.4962,25.509,7.5326,14.26288,7.39001,24.75176,8.3981,29.9968,3.9582,8.4817,30.0674,4.0984,8.44261,4.02516,30.03466
2017-06-06,14.1096,24.1638,7.148,15.1393,25.3929,7.2441,14.55788,7.19614,24.8862,8.484,30.0745,3.8768,8.5036,30.1001,3.9414,8.49348,3.91796,30.084780000000002
2017-06-12,14.5888,24.7926,6.2071,15.1155,25.2147,6.3703,14.94081,6.29183,24.96218,8.4625,30.0284,3.7883,8.495,30.1024,3.8818,8.48044,3.83314,30.06545
2017-06-13,14.6075,24.9689,6.1412,14.6543,25.0133,6.3459,14.64334,6.27646,24.9811,8.5113,30.0887,3.6848,8.5566,30.1458,3.7748,8.53296,3.72896,30.11698
2017-06-19,14.794,19.8167,6.2908,15.0988,22.2404,6.4597,14.98884,6.34656,21.17034,8.4943,30.0986,3.8144,8.514,30.1288,3.8511,8.50534,3.83036,30.1154
2017-06-28,11.6978,26.9918,5.3601,11.8975,27.2155,5.6356,11.786787499999999,5.508,27.0600125,8.5664,30.1295,3.5989,8.5779,30.15,3.6381,8.56996,3.62519,30.13813
2017-06-29,12.1538,26.5706,5.5496,12.73,26.8979,5.7934,12.51005,5.69855,26.67567,8.5494,30.1033,3.7108,8.5737,30.1446,3.7519,8.56281,3.72761,30.12689
2017-07-07,15.9242,24.6251,6.9768,16.8823,26.1454,7.2605,16.491880000000002,7.17456,25.29694,8.6661,30.1664,3.607,8.6852,30.1902,3.6341,8.67834,3.61673,30.1751
2017-07-11,12.7258,24.5003,5.9659,15.2451,27.2061,6.9116,14.00337,6.54966,26.14115,8.6677,30.1706,3.4762,8.6889,30.2124,3.5273,8.67751,3.50148,30.19137
2017-07-12,14.423400000000001,25.0895,6.702,16.5317,26.6012,6.9791,15.6685,6.8435999999999995,25.80976,8.6618,30.1557,3.5093,8.673,30.18,3.5398,8.66712,3.52948,30.16696
2017-07-17,16.979,24.8928,6.4754,17.4324,24.989,6.6213,17.22522,6.56858,24.91704,8.7055,30.2323,3.401,8.7422,30.2792,3.4554,8.7253,3.42447,30.25772
2017-07-24,15.2628,24.6075,5.5849,17.3074,25.6466,6.0744,16.62195,5.7982000000000005,24.94985,8.7807,30.2713,3.3755,8.8107,30.3247,3.408,8.79402,3.39279,30.296590000000002
2017-07-25,14.3418,24.9785,5.217,14.9799,25.8684,5.7907,14.79848,5.54628,25.25358,8.7598,30.2685,3.4309,8.7627,30.2747,3.4404,8.761280000000001,3.43686,30.271639999999998
2017-08-04,11.1441,23.9627,4.6945,14.9267,27.7702,5.9021,13.01076,5.18063,26.07076,8.8667,30.3061,3.305,8.8867,30.3402,3.3366,8.87935,3.3164,30.32618
2017-08-08,10.936,25.4752,4.5723,13.1756,28.049,6.305,12.41284,5.41609,26.64431,8.8499,30.3026,3.266,8.8632,30.3512,3.2807,8.85768,3.27245,30.32866
2017-08-14,15.3343,26.4633,5.7266,15.8438,26.8265,6.7774,15.595411111111112,6.484966666666667,26.712166666666665,8.9088,30.3562,3.2572,8.9248,30.3813,3.2683,8.91766,3.26294,30.370359999999998
2017-08-15,15.5121,26.7713,6.7302,15.7234,26.8013,6.8946,15.62085,6.8557,26.78782,8.9376,30.3948,3.204,8.9659,30.4291,3.2432,8.95061,3.2243,30.4106
2017-08-21,15.8164,26.1592,6.424,17.2982,26.9706,6.6729,16.834844444444443,6.588377777777778,26.496055555555557,9.0409,30.4101,3.2078,9.0703,30.4607,3.2446,9.05763,3.22697,30.43252
2017-08-28,12.9462,25.4164,5.9608,14.6204,27.1476,6.3536,13.85074,6.23838,26.22154,9.0632,30.4248,3.1153,9.0842,30.4641,3.1675,9.073,3.14506,30.44268
2017-08-29,12.811,24.0653,5.9427,15.9074,26.8471,6.8355,14.321275,6.3450625,25.83785,9.1031,30.46,3.0953,9.1194,30.5066,3.1412,9.10981,3.11846,30.4834
2017-09-05,13.6868,24.901,5.4933,16.8161,27.3462,7.7867,15.4747,6.5809,26.08526,9.1081,30.4658,3.0214,9.1194,30.4752,3.0466,9.11427,3.03461,30.4694
2017-09-12,14.7818,27.4328,5.4514,14.9291,27.5125,5.554,14.84275,5.48562,27.47224,9.1738,30.4999,2.9679,9.1863,30.5251,3.0056,9.17878,2.98708,30.50957
2017-09-14,13.3005,26.0064,4.9425,13.8497,27.5826,6.1413,13.59484,5.5054,26.88376,9.2393,30.5856,2.8709,9.2517,30.6042,2.8873,9.24386,2.88096,30.5931
2017-09-18,13.6485,27.0564,5.4427,13.9067,27.5593,5.8102,13.81052,5.62548,27.22042,9.2364,30.5344,2.8365,9.2464,30.5608,2.8641,9.24396,2.85109,30.54983
2017-09-26,13.4516,27.1081,6.0165,14.2882,28.356,6.2981,13.82763,6.12418,27.89948,9.2646,30.5299,2.7598,9.2905,30.5929,2.81,9.27842,2.7825699999999998,30.56731
2017-09-27,13.5215,27.4822,6.0068,14.4829,28.2959,6.354,13.997225,6.112,27.952175,9.2793,30.5855,2.7311,9.288,30.6056,2.7404,9.2833,2.73516,30.5949
2017-10-03,11.4484,27.623,4.4646,12.1864,28.4214,5.7059,11.894744444444445,4.979533333333333,28.006044444444445,9.3335,30.5942,2.6933,9.3392,30.6119,2.7033,9.33686,2.69914,30.60352
2017-10-04,11.8701,27.6993,4.8641,12.1128,28.2673,5.7267,11.99896,5.23696,27.99658,9.3775,30.583,2.7115,9.3824,30.594,2.7169,9.38018,2.71458,30.587699999999998
2017-10-10,11.6415,26.9894,5.2888,11.9143,28.3026,6.6292,11.77108,5.81108,27.84672,Inf,Inf,Inf,-Inf,-Inf,-Inf,NaN,NaN,NaN
2017-10-11,-9.99e-29,-9.99e-29,-9.99e-29,11.0781,28.3021,6.255,9.957763636363635,5.466918181818182,25.677336363636364,9.4377,30.6254,2.6392,9.4453,30.6686,2.6562,9.44075,2.6457,30.65246
2017-10-20,10.7937,28.7232,5.2134,10.8554,28.9069,5.5083,10.834109999999999,5.36052,28.80767,9.3849,30.6138,2.5673,9.4253,30.6562,2.5752,9.4029,2.57109,30.63595
2017-10-23,10.936,28.6478,5.4465,10.9529,28.7195,5.4912,10.946975,5.4612,28.6908,9.442,30.6456,2.5571,9.4607,30.6525,2.5619,9.44754,2.55988,30.64852
2017-10-24,10.9042,28.6492,5.3995,10.9255,28.7402,5.5738,10.91052,5.49224,28.69592,9.5278,30.683,2.5264,9.5792,30.7238,2.5988,9.54548,2.55842,30.6994
2017-10-31,9.6875,26.4291,5.0676,10.315,27.9018,5.5929,10.02197,5.32743,27.35506,9.5965,30.7754,2.4849,9.6304,30.7826,2.4989,9.60889,2.49116,30.77922
2017-11-06,8.6374,28.7804,4.7542,8.6384,28.7814,4.7664,8.6378,4.760325,28.78085,9.6859,30.7731,2.5137,9.6896,30.7811,2.5174,9.68822,2.51492,30.7776
2017-11-08,8.8071,28.3959,5.1738,8.9197,28.6157,5.4579,8.86239,5.30409,28.51537,9.7145,30.786,2.51,9.7354,30.8352,2.5226,9.719619999999999,2.51555,30.80763
2017-11-16,8.9772,28.6962,5.5805,9.124,28.9052,5.707,9.04073,5.6581,28.77051,9.5086,30.7136,2.447,9.5288,30.7305,2.4566,9.51541,2.45303,30.72085
2017-11-20,8.9531,28.5849,5.8756,8.9754,28.6074,5.909,8.95947,5.89521,28.59281,9.4955,30.6729,2.4232,9.5333,30.702,2.4287,9.51637,2.42655,30.68892
2017-11-23,8.8682,28.4274,5.878,8.8753,28.428,5.8906,8.87082,5.88436,28.42768,9.6913,30.7882,2.4405,9.694,30.79,2.4478,9.69272,2.44302,30.7891
2017-11-27,8.879,28.5497,5.8974,8.9373,28.5742,5.9541,8.893711111111111,5.941377777777777,28.556344444444445,9.6961,30.7629,2.4157,9.7123,30.7963,2.4246,9.7028,2.42034,30.77713
2017-12-04,8.0791,27.931,6.067,8.3471,28.1262,6.1337,8.2164,6.102375,28.0327,9.797,30.8572,2.496,9.8097,30.8616,2.514,9.8029,2.50294,30.85972
2017-12-06,7.8302,27.5718,5.728,8.0159,27.6502,5.8727,7.896575,5.825075,27.59815,9.7685,30.8531,2.4975,9.7897,30.8743,2.5017,9.778979999999999,2.50044,30.86332
2017-12-11,7.381,27.4612,5.7014,7.4915,27.5065,6.0451,7.44296,5.8325,27.4874,9.7615,30.8368,2.6051,9.774,30.8644,2.7155,9.76658,2.66098,30.85262
2018-01-03,6.8096,28.2008,5.4775,7.1153,28.4161,5.6973,6.942225,5.60225,28.298625,9.6841,30.6657,2.6983,9.6845,30.6675,2.7059,9.6842,2.7028000000000003,30.66644
2018-01-04,6.4504,28.2125,5.8175,6.4782,28.2267,5.8422,6.4674,5.83,28.221059999999998,9.6733,30.665,2.76,9.6792,30.6834,2.7629,9.675939999999999,2.76124,30.67232
2018-01-09,7.0185,28.4412,5.6661,7.146,28.5004,5.7679,7.072620000000001,5.71216,28.46682,9.6757,30.6543,2.6877,9.6797,30.67,2.7055,9.67688,2.698,30.6601
2018-01-22,7.5746,28.7424,5.8375,8.001,29.0054,6.0499,7.84778,5.89978,28.9204,9.3872,30.5122,2.8347,9.4408,30.5549,2.8892,9.41614,2.86204,30.53534
2018-01-24,7.9375,28.874,5.9571,7.9432,28.8783,5.9655,7.94034,5.96016,28.876,9.4205,30.5692,2.7154,9.4356,30.5813,2.7357,9.428180000000001,2.72604,30.57524
2018-01-31,7.4393,28.2659,6.2344,7.5321,28.3055,6.2485,7.49616,6.24174,28.29048,9.5911,30.6705,2.8706,9.5926,30.6771,2.8792,9.59186,2.87406,30.6735
2018-02-01,-9.99e-29,-9.99e-29,-9.99e-29,7.6159,28.4168,6.2346,6.3376166666666665,5.192266666666667,23.673283333333334,9.5769,30.6409,2.8129,9.5826,30.6579,2.8294,9.57938,2.82218,30.64794
2018-02-06,7.5044,28.0225,6.289,7.5358,28.1905,6.3602,7.518800000000001,6.31765,28.1258,9.5835,30.6678,2.8963,9.5877,30.6752,2.9085,9.58538,2.90296,30.67096
2018-02-13,7.345,28.2253,5.3998,7.5333,28.3726,5.5678,7.4262999999999995,5.499499999999999,28.288525,9.4645,30.6034,3.096,9.4768,30.6257,3.1272,9.47024,3.1152800000000003,30.61376
2018-02-14,6.9294,28.0411,6.348,6.9615,28.06,6.3902,6.94158,6.37678,28.047819999999998,9.4732,30.6034,3.0843,9.4882,30.6185,3.0994,9.48146,3.0901,30.61136
2018-02-19,7.2407,28.5269,5.535,7.2443,28.5277,5.547,7.242775,5.541,28.527250000000002,9.3768,30.5741,3.2118,9.3895,30.5855,3.2287,9.38364,3.2183800000000002,30.5801
2018-02-27,6.6582,28.0281,6.517,6.7347,28.0997,6.5892,6.68228,6.5629,28.050359999999998,9.2369,30.4917,3.2992,9.304,30.5342,3.3823,9.2728,3.33894,30.51528
2018-03-05,6.8304,28.0718,6.5593,6.9089,28.0946,6.6423,6.87514,6.60636,28.081220000000002,9.2223,30.5237,3.3945,9.2329,30.5363,3.4018,9.22976,3.39834,30.53294
2018-03-06,6.9244,28.0126,6.3899,6.9799,28.1083,6.4876,6.94505,6.433624999999999,28.052275,9.1907,30.5092,3.4632,9.1987,30.5162,3.4789,9.1947,3.4738599999999997,30.51266
2018-03-13,7.2589,28.0722,6.7009,7.4212,28.2323,7.1633,7.3666,6.92832,28.148519999999998,9.1881,30.524,3.3877,9.2056,30.5381,3.4121,9.19842,3.39746,30.53192
2018-03-16,7.6048,28.0347,8.247,7.6201,28.0612,8.5263,7.61226,8.406320000000001,28.04562,9.1914,30.5336,3.4047,9.1932,30.5388,3.4116,9.19202,3.40786,30.53598
2018-03-20,8.6052,28.2304,10.8279,8.6304,28.2334,11.0426,8.6234,10.9757,28.23254,9.2008,30.5785,3.3537,9.2082,30.588,3.3641,9.20478,3.36068,30.58368
2018-03-27,8.081,28.8206,6.5343,8.0889,28.8686,6.5926,8.0858,6.5551,28.853279999999998,9.168,30.5086,3.3828,9.1858,30.5172,3.4141,9.17804,3.39366,30.51208
2018-03-28,8.1188,28.6537,7.0034,8.1197,28.6538,7.0105,8.119125,7.006525,28.653775,9.091,30.5043,3.3281,9.1894,30.5399,3.47,9.14596,3.39164,30.524160000000002
2018-04-04,8.4317,28.9357,6.6124,8.4404,28.9399,6.6337,8.437075,6.62135,28.938325,9.043,30.4879,3.4895,9.0497,30.5111,3.5102,9.04666,3.4985,30.50346
2018-04-12,8.9326,28.5066,7.1558,8.9426,28.578,7.4307,8.9368,7.3027,28.529419999999998,8.9145,30.4405,3.6826,8.947,30.45,3.7281,8.9285,3.71168,30.444119999999998
2018-04-16,8.9052,28.8795,6.782,8.9081,28.8847,6.8028,8.906175000000001,6.79065,28.882325,9.0088,30.5003,3.5122,9.0099,30.5412,3.5437,9.00946,3.53292,30.5184
2018-04-17,8.9137,28.8286,6.8672,8.9242,28.8374,6.9035,8.91774,6.8853800000000005,28.8327,8.9476,30.5151,3.5786,8.9741,30.5492,3.6175,8.96468,3.60466,30.52606
2018-04-24,10.1724,28.4387,7.3069,10.3015,28.4513,8.0232,10.25618,7.7802999999999995,28.44256,8.8045,30.5136,3.7146,8.8378,30.516,3.7495,8.81472,3.73578,30.51492
2018-04-25,10.0492,28.5292,7.4233,10.1507,28.5425,7.6233,10.1015,7.493275000000001,28.533725,8.8036,30.4954,3.7312,8.8076,30.4998,3.7405,8.80534,3.73716,30.49746
2018-05-02,10.9228,28.5216,7.2271,11.2078,28.6658,7.34,11.07954,7.27714,28.58166,8.7165,30.4941,3.7621000000000002,8.7304,30.5034,3.7946,8.7243,3.77792,30.49972
2018-05-08,13.0908,28.0946,7.7913,13.486,28.0989,7.9414,13.38082,7.84922,28.09624,8.682,30.434,3.8318,8.6831,30.4365,3.8393,8.6824,3.83508,30.43526
2018-05-10,13.0312,28.1942,7.4133,13.2087,28.3379,7.6305,13.09118,7.50854,28.25514,8.6804,30.4326,3.822,8.6812,30.4371,3.8285,8.68078,3.8244,30.43512
2018-05-15,12.8873,27.4733,7.1173,14.6519,28.26,7.2259,13.56654,7.1674,27.86818,8.6893,30.3995,3.7115,8.7035,30.4183,3.7789,8.697239999999999,3.7389799999999997,30.40918
2018-05-22,16.0004,22.6415,6.9927,16.2557,24.6215,7.1498,16.18296,7.06826,23.42738,8.583,30.3916,3.8681,8.588,30.4028,3.8723,8.58588,3.8705000000000003,30.39806
2018-05-25,16.7745,23.864,6.5351,16.9217,24.8513,6.7802,16.87436,6.67508,24.30516,8.5891,30.3746,3.8151,8.607,30.3975,3.8339,8.59638,3.82226,30.38378
2018-05-29,13.1465,25.2694,5.3295,15.2278,27.4182,6.3552,14.49842,5.71488,26.09938,8.5612,30.3892,3.793,8.5632,30.3925,3.8048,8.5624,3.7996,30.3908
2018-06-04,13.7981,26.8451,6.4119,13.8927,26.8674,6.845,13.852625,6.6568249999999995,26.852899999999998,8.5767,30.3927,3.7223,8.5772,30.3981,3.7335,8.577,3.7279,30.39504
2018-06-05,14.547,24.7017,6.4346,14.9162,25.471800000000002,7.8019,14.74656,7.06088,25.02146,8.5713,30.3816,3.7193,8.5737,30.3931,3.7277,8.57248,3.7241400000000002,30.38836
2018-06-11,14.3296,23.1868,6.6031,14.4892,23.5888,6.8377,14.3971,6.73578,23.3328,8.5482,30.396,3.7454,8.5712,30.4206,3.7905,8.55876,3.7608,30.40908
2018-06-18,11.1231,26.1037,4.294,14.2557,27.8141,4.6353,12.4179,4.441174999999999,27.0309,8.5919,30.3921,3.6174,8.5941,30.3976,3.6227,8.59338,3.61992,30.39568
2018-06-20,15.1633,25.3093,6.9202,17.3422,25.9289,8.1472,16.26964,7.47516,25.6358,8.6241,30.4521,3.6353,8.6273,30.4737,3.6404,8.62558,3.63818,30.46158
2018-06-26,16.3789,24.5725,6.6674,16.8252,25.0857,6.9854,16.69707,6.79811,24.67783,8.6167,30.4536,3.7658,8.634,30.4683,3.7832,8.62481,3.77431,30.461550000000003
2018-07-11,13.5186,24.3733,5.9995,17.051,27.0832,7.4313,15.876299999999999,6.8761,25.55680909090909,8.6862,30.4618,3.5983,8.7072,30.4737,3.6235,8.69422,3.61359,30.46643
2018-07-16,12.3972,27.6894,5.5756,12.6594,27.9153,6.3304,12.559972727272728,5.797109090909091,27.801845454545454,8.7271,30.48,3.5859,8.7328,30.4854,3.5997,8.729,3.59267,30.48316
2018-07-19,12.8897,25.0481,6.3125,12.9622,27.3222,6.7518,12.942372727272728,6.442536363636363,27.05989090909091,8.7216,30.4908,3.6374,8.7268,30.5009,3.6551,8.72341,3.64783,30.49658
2018-07-23,12.8989,26.9872,6.4856,14.1233,28.2255,7.6865,13.377936363636364,7.318772727272727,27.847872727272726,8.7213,30.4959,3.5942,8.7414,30.5228,3.6206,8.73001,3.60754,30.51005
2018-07-30,12.7854,25.302,7.8712,19.6854,28.0528,9.8922,15.783163636363636,8.956263636363637,27.20939090909091,8.777,30.4293,3.5483,8.785,30.4637,3.5598,8.78173,3.5545400000000003,30.44786
2018-07-31,14.8255,25.6004,8.0698,20.875,27.8628,9.8712,17.98111,8.7022,26.596,8.7792,30.488,3.5763,8.7872,30.4965,3.5922,8.7815,3.58456,30.49414
2018-08-09,18.9001,24.1856,6.7292,19.8707,26.7778,6.8848,19.2963,6.83104,25.90356,8.8234,30.5129,3.3189,8.8349,30.549,3.3296,8.82788,3.3245,30.52746
2018-08-14,15.1763,19.3411,5.8243,16.5682,27.1465,6.8582,16.154966666666667,6.4812666666666665,23.388922222222224,8.854,23.5632,3.2761,11.5564,30.5399,10.9223,10.18403,7.09408,27.07011
2018-08-15,14.622,26.0015,5.4069,15.632,26.867,6.3226,15.36352,5.902480000000001,26.41086,8.8708,30.5373,3.245,8.8914,30.5957,3.2646,8.87926,3.2532,30.565640000000002
2018-08-21,12.9264,26.7996,6.1003,13.1108,27.6752,6.4062,13.02374,6.26526,27.256800000000002,8.8903,30.5459,3.1838,8.8935,30.5546,3.1914,8.89194,3.18782,30.55118
2018-08-29,13.2189,27.3976,7.7554,13.5625,27.7579,8.1813,13.38754,7.97064,27.56556,8.9626,30.5429,3.0707,8.9783,30.5648,3.1011,8.97022,3.08682,30.5537
2018-09-04,12.7367,27.2188,5.7117000000000004,14.0098,27.9374,8.5357,13.44706,7.5527999999999995,27.45588,9.0115,30.6089,3.1031,9.0333,30.6296,3.113,9.0235,3.1095800000000002,30.621679999999998
2018-09-05,12.0916,27.2743,4.8646,13.1698,28.208,8.4856,12.74658,6.87518,27.6788,9.0688,30.6267,3.0958,9.0752,30.6363,3.1052,9.072940000000001,3.10122,30.63128
2018-09-13,14.496,27.8316,5.5747,14.5922,28.0526,5.7937,14.55524,5.64848,27.93446,9.0544,30.5892,2.9642,9.056,30.6026,2.9839,9.05502,2.97278,30.59514
2018-09-18,13.9944,27.1251,6.0156,14.239,27.3597,6.3586,14.0714,6.23454,27.19626,9.1218,30.6655,2.9579,9.1402,30.679,2.9751,9.13094,2.96494,30.6736
2018-09-25,13.5738,26.7336,5.4118,13.7312,27.8594,6.7681,13.6567,5.96466,27.2572,9.1304,30.6678,2.8152,9.1541,30.6738,2.8283,9.14294,2.81948,30.670460000000002
2018-09-27,11.9615,28.0609,4.5684,12.8667,28.2639,6.1854,12.57424,5.39182,28.1283,9.2105,30.691,2.8459,9.2319,30.7134,2.8866,9.22074,2.86294,30.7019
2018-10-04,10.7274,27.1561,6.5298,10.8442,27.2416,6.7037,10.76808,6.65002,27.187359999999998,9.4038,30.7638,2.8217,9.4865,30.8025,2.8397,9.457699999999999,2.83396,30.7887
2018-10-09,11.7026,27.8525,6.0486,11.7155,27.8661,6.0646,11.70712,6.05622,27.857979999999998,9.4395,30.7361,2.7234,9.4423,30.7448,2.7312,9.441,2.72784,30.7408
2018-10-12,11.7674,27.7723,5.7836,11.9606,28.1829,6.2409,11.899899999999999,6.02878,27.94862,9.4507,30.782,2.7389,9.4578,30.7948,2.7447,9.45476,2.74292,30.78812
2018-10-16,10.8339,28.3671,5.1956,10.9649,28.5461,7.9478,10.8869,6.69232,28.42208,9.5037,30.7934,2.7088,9.5069,30.8052,2.7184,9.50536,2.71434,30.80108
2018-10-24,10.944,28.7357,6.2421,11.2653,28.9454,6.5869,11.148236363636364,6.389309090909091,28.806663636363638,9.6723,30.7845,2.719,9.6902,30.8053,2.7403,9.68215,2.72926,30.79669
2018-10-30,10.8127,29.0774,5.589,10.8638,29.1738,5.7894,10.84266,5.68005,29.11033,9.6766,30.8633,2.7299,9.6798,30.8691,2.748,9.67857,2.74264,30.86655
2018-11-07,10.41,28.7385,Inf,10.4402,28.7687,-Inf,10.42454,NaN,28.7536,9.7493,30.9037,Inf,9.752,30.9224,-Inf,9.7508,NaN,30.91376
2018-11-08,10.3412,28.0001,Inf,10.4988,28.5133,-Inf,10.390525,NaN,28.2078,9.7595,30.919,Inf,9.7604,30.9259,-Inf,9.75986,NaN,30.92282
2018-11-16,9.897,28.2138,Inf,9.931,28.337,-Inf,9.91654,NaN,28.27496,9.706,30.9146,Inf,9.7156,30.9282,-Inf,9.70872,NaN,30.92426
2018-11-19,9.0855,27.6809,Inf,9.3105,27.8233,-Inf,9.20622,NaN,27.75976,9.767,30.9094,Inf,9.7675,30.9096,-Inf,9.76714,NaN,30.90954
2018-11-28,9.4179,28.7374,-1.7258,9.4231,28.743,-1.7243,9.42015,-1.725125,28.73995,9.618,30.7883,-1.7266,9.7308,30.8869,-1.7218,9.67936,-1.72424,30.8413
2018-12-04,8.0216,27.9851,-1.7909,8.5171,28.2179,-1.7676,8.16134,-1.78374,28.04706,9.7916,30.9354,-1.7193,9.8016,30.9569,-1.7163,9.79574,-1.71828,30.9464
2018-12-05,8.2276,28.1378,-1.7796,9.2494,28.7509,-1.7334,8.582559999999999,-1.76322,28.34268,9.77,30.9283,-1.7199,9.7757,30.9308,-1.7182,9.77232,-1.71906,30.9292
2018-12-19,8.5984,28.5985,6.078,8.6185,28.6169,6.0844,8.61004,6.0807,28.606180000000002,9.4635,30.833,2.547,9.4875,30.8458,2.5575,9.47354,2.5507,30.83842
2019-01-16,7.3578,27.5348,6.6329,7.7222,28.302,7.0422,7.508645454545454,6.795127272727273,27.93390909090909,9.772,30.8711,2.7356,9.774,30.8918,2.7697,9.77303,2.75528,30.88277
2019-01-23,7.6783,28.3557,6.5,7.8262,28.4211,6.8328,7.7295454545454545,6.607290909090909,28.38098181818182,9.6946,30.8072,2.9686,9.7055,30.8425,2.9798,9.69949,2.97621,30.82208
2019-01-29,7.6024,28.3177,6.6815,7.8382,28.4879,7.0001,7.75679,6.79029,28.40266,9.681,30.7685,2.9544,9.6855,30.784,2.9609,9.68254,2.95696,30.7756
2019-02-05,7.6476,29.0164,5.3902,7.6841,29.0539,5.8769,7.67110909090909,5.501045454545454,29.036936363636364,9.5825,30.727,3.2367,9.5869,30.754,3.2455,9.5843,3.24044,30.73909
2019-02-12,6.3093,28.4409,6.5002,6.4162,28.6692,6.9088,6.339754545454546,6.628863636363636,28.587763636363636,9.569,30.7013,3.1902,9.5914,30.722,3.2313,9.5801,3.21386,30.70857
2019-02-21,6.1607,28.4174,7.0409,6.184,28.7045,7.5269,6.17509,7.14734,28.60695,9.5008,30.6564,3.3245,9.5252,30.69,3.3556,9.51268,3.34196,30.67037
2019-02-26,6.5543,28.8808,6.7839,6.5701,28.9108,7.1013,6.562772727272727,6.874627272727273,28.895581818181817,9.5228,30.6857,3.2348,9.5337,30.6985,3.2545,9.5275,3.24474,30.69223
2019-03-05,6.4176,29.004,6.9149,6.4391,29.0406,7.1792,6.4262,6.967981818181818,29.024736363636364,9.4483,30.6526,3.3914,9.4588,30.6793,3.4066,9.45137,3.39935,30.66631
2019-03-12,6.8243,28.6581,8.0761,6.8357,28.861,8.3602,6.82858,8.15291,28.82695,9.4212,30.6113,3.3509,9.444,30.6339,3.409,9.42731,3.39004,30.62245
2019-03-20,7.5016,28.8897,7.7783,7.9778,29.1598,8.2559,7.739463636363636,8.080254545454546,29.00862727272727,9.417,30.643,3.4236,9.4201,30.6521,3.4386,9.4186,3.43083,30.64649
2019-03-27,8.606,29.0676,9.1618,8.9875,29.163,9.9354,8.697809090909091,9.451572727272728,29.1428,9.3403,30.6442,3.4231,9.3744,30.6599,3.4712,9.36439,3.43993,30.653750000000002
2019-04-02,8.6825,28.9422,9.253,10.1102,29.2616,9.5159,9.333411111111111,9.424744444444444,29.150000000000002,9.2538,30.6093,3.3624,9.2717,30.62,3.4016,9.26273,3.38123,30.61464
2019-04-10,9.3477,29.1664,7.1333,9.3919,29.2763,7.3514,9.379036363636363,7.227390909090909,29.207781818181818,8.9592,30.5667,4.0506,9.0097,30.5816,4.1235,8.97744,4.09157,30.57216
2019-04-17,9.4873,29.4036,6.5066,9.5788,29.4151,6.764,9.519263636363636,6.5599181818181815,29.4095,9.0268,30.5996,3.6818,9.0422,30.6138,3.7014,9.0358,3.69129,30.60817
2019-05-02,10.3486,28.6649,6.5445,10.6465,29.2944,6.6276,10.438839999999999,6.58794,29.01748,8.7227,30.5377,3.8804,8.7267,30.5394,3.8848,8.72502,3.88218,30.53896
2019-05-09,9.955,29.8753,5.2785,10.8721,29.8888,5.7118,10.40808,5.4572,29.88358,8.726,30.5324,3.7947,8.7431,30.5355,3.847,8.7372,3.81452,30.53442
2019-05-22,13.7753,29.063,6.764,14.0068,29.0817,6.8858,13.91406,6.821,29.06988,8.5622,30.4827,4.0414,8.573,30.4981,4.0628,8.56744,4.05068,30.49058
2019-05-29,13.3135,27.7447,7.5579,14.9902,28.5124,7.7381,14.25258,7.66826,28.23846,8.6144,30.5005,3.8766,8.6289,30.5211,3.9386,8.62258,3.9047,30.51222
2019-06-04,14.4478,27.4663,7.1913,14.7294,27.9372,7.4622,14.6087,7.32706,27.68966,8.6494,30.4903,3.7348,8.6508,30.4956,3.745,8.6499,3.73864,30.4931
2019-06-20,11.4329,28.4982,5.6718,11.6641,28.6468,6.1942,11.49306,5.88494,28.53744,8.7152,30.5816,3.6378,8.7166,30.5898,3.6491,8.71574,3.64214,30.58522
2019-06-25,12.9839,28.1146,7.3306,15.5773,28.617,8.5349,14.618481818181818,8.077990909090909,28.386072727272726,8.7235,30.5504,3.6751,8.739,30.5615,3.6989,8.73031,3.68957,30.55674
2019-07-09,18.108,23.8719,6.154,18.5765,24.4266,6.3201,18.4331,6.22236,24.02712,8.8219,30.5776,3.6076,8.832,30.6105,3.6322,8.82648,3.61626,30.58998
2019-07-18,17.5362,25.0469,5.9548,17.7038,25.1011,6.2377,17.58692,6.15942,25.06664,8.868,30.599,3.4845,8.8758,30.6103,3.4922,8.87126,3.488,30.6055
2019-07-24,15.4457,24.6979,6.6157,18.3269,25.8503,7.0735,17.655672727272727,6.936881818181818,24.94859090909091,8.9271,30.6363,3.1316,8.9285,30.6406,3.1425,8.92778,3.13664,30.63827
2019-07-30,10.9474,23.3134,4.2362,15.1411,28.7027,5.8936,13.371654545454545,5.062136363636363,26.653890909090908,8.9634,30.6624,3.1181,8.9719,30.6861,3.136,8.96575,3.12677,30.67453
2019-08-07,14.7608,20.5921,6.4037,17.6839,27.0146,7.3931,16.577666666666666,6.747744444444444,25.19651111111111,9.0568,30.6561,2.9208,9.0663,30.6927,2.9315,9.06026,2.92578,30.67112
2019-08-15,17.2368,25.0863,6.0661,19.4353,26.059,6.3933,18.68969,6.24627,25.39303,9.1332,30.6992,2.8655,9.1403,30.7211,2.8804,9.13732,2.87291,30.71187
2019-08-20,16.4762,26.5848,6.1261,17.8178,27.2958,6.5884,17.200755555555556,6.330277777777778,26.9962,9.1377,30.6536,2.8937,9.1598,30.6704,2.9267,9.14508,2.90662,30.65815
2019-08-29,12.8571,24.8751,4.9769,16.1808,27.6033,6.1464,14.58907,5.5561,26.08253,9.2522,30.73,2.7788,9.2767,30.7442,2.7971,9.26639,2.78896,30.738419999999998
2019-09-04,15.1974,27.1908,6.5836,17.341,27.51,7.3174,16.288545454545456,7.026745454545455,27.339254545454544,9.312,30.6764,2.8121,9.3303,30.702,2.829,9.32414,2.8235200000000003,30.69135
2019-09-24,14.6413,26.5776,5.8684,15.4982,27.0776,5.9858,14.940727272727273,5.941890909090909,26.90259090909091,9.4505,30.7948,2.7446,9.4556,30.7968,2.751,9.45347,2.7475300000000002,30.79584
2019-10-12,11.7075,27.7377,6.3683,11.7589,28.0492,6.4802,11.73872,6.4216,27.9561,9.4992,30.7675,2.7844,9.5029,30.8058,2.7995,9.50051,2.791,30.78117
2019-10-18,11.1893,28.2203,6.1021,11.2574,28.4745,6.3995,11.232536363636363,6.194272727272727,28.396172727272727,9.5106,30.788,2.9229,9.5238,30.8117,2.9263,9.519490000000001,2.92493,30.79841
2019-10-30,9.7963,28.2322,5.6852,9.9113,28.3364,5.9372,9.82689090909091,5.786036363636364,28.264518181818183,9.7775,30.9242,2.8725,9.7981,30.9364,2.8751,9.78708,2.87384,30.93057
2019-11-05,10.2975,28.5141,6.3917,10.3311,28.5148,6.4425,10.30952,6.41518,28.51448,9.8471,30.8793,2.7061,9.8578,30.8965,2.7187,9.85172,2.71426,30.88832
2019-11-13,9.991,28.0715,6.1037,10.0834,28.2709,6.2318,10.03172,6.1674,28.1537,9.8396,30.8771,2.6318,9.8428,30.8922,2.649,9.8416,2.63736,30.884
2019-11-20,9.7935,28.2271,5.88,9.839,28.2986,5.9529,9.81258,5.91596,28.25534,9.9195,30.9451,2.6741,9.923,30.951,2.6808,9.92098,2.67702,30.94846
2019-11-26,9.0228,28.3851,5.9471,9.0593,28.3973,5.9722,9.03974,5.96406,28.388740000000002,9.9581,30.9765,2.6732,9.9586,30.9768,2.6772,9.95836,2.67538,30.976660000000003
2019-12-03,8.0492,28.62,5.3622,8.2537,28.6381,5.4682,8.15788,5.4067,28.62972,9.9691,30.945,2.6014,9.9708,30.9524,2.6098,9.96998,2.60548,30.94756
